tilt,vibration,displacement,strain
5.231405324261075,0.6414342693566968,21.252725789662136,371.5094823208507
7.540478023839694,0.6043250103990863,35.82748104776631,453.1688416981243
4.0979951122877,0.4906594463925745,28.788299012016367,480.56126953499586
9.36335181909461,0.3272048743336846,8.971103710471084,443.7818207579032
7.8711038397928474,0.5253037395485372,11.083408326054801,280.5904106690936
10.641970579255448,0.930013413163902,17.179305740510483,530.4886839723624
8.141534419723623,0.3725621801228379,26.00262059571537,334.9792106755683
5.91625351003689,0.4998814580260838,34.84363224539698,383.44619981126914
7.460013405167779,0.56286760258572,25.34340641747812,356.7519112627254
10.15138548594868,0.9876888963946509,29.772465876057094,267.0500668245713
7.102685964759852,0.5091539787520308,19.955103750874965,471.39698210782524
8.627660213622999,0.3646760215184317,27.783595349616917,398.5557191263852
10.297091217066836,0.425654796973134,14.997758501769418,250.53784956951478
3.236242560969642,0.35091195837610234,16.224752312676554,290.9747736985027
8.135085757783338,0.3148912003460039,20.722642972604547,256.02013351430776
5.109349476036542,0.9658215262232239,10.765689324443493,503.04771976817324
10.501105962092485,0.7795772273743846,32.52483436656237,443.6666986323646
11.721479637928029,0.6683723461609614,32.2658955143293,523.9087814129718
6.660489714907957,0.8459325703699192,32.019332749027896,419.28869721166814
9.58201059672238,0.987455285727387,38.911813653353306,366.81127391018714
4.136616841345976,0.38275614258559393,26.22772751510597,492.83908415010046
4.215650838910099,0.3017193524137238,35.82973563648104,324.16127839748896
5.513520361397276,0.6801270603704408,22.70218493694501,282.2969322955158
5.322046499551686,0.5148634319391128,15.443821915348444,491.738727445487
9.955808627089624,0.5811687468696942,25.936699578043957,485.80473308851606
11.493779126620096,0.9455271419700735,24.285631664198764,392.19061788973175
3.9499174077023436,0.8237557749044229,22.0191413678644,572.1415637118098
7.943762873058595,0.7333303762039141,18.126617371730998,306.9600052857828
3.6502949039091184,0.4601888222452492,9.555216713129806,462.7430368244462
5.762004200234937,0.3906265876268983,28.560455502191033,395.38503926985584
9.874217903521794,0.6489562487807015,8.706292651368795,595.854789414965
7.931989291530847,0.6917894324477567,12.720433035093688,525.5942511941589
3.865022748198797,0.5291197907144205,16.523915445320217,327.2600236866449
9.82768414136219,0.7170747678939547,39.79092515319016,438.577878857966
3.825138472869612,0.5563491252585382,14.130235658058883,316.04372318830656
5.273093479121227,0.4008547381687101,23.764099275165147,297.22173752536395
11.537010618005707,0.30930486862884105,19.12428866625702,379.59643206423925
11.417218613291535,0.5610766856204489,26.94205380025165,591.0042885224857
9.428387797498964,0.3487751437051906,15.54796618924642,363.348740024123
4.386744225411519,0.3320888682346892,12.107185431327615,279.35027447845414
11.319810607973691,0.5778822608871206,16.285419828225113,326.15237281133636
3.043091093461327,0.6431654562379867,21.961378629242095,596.9396731947777
7.4231527926771275,0.6568328010232234,9.082537142556038,268.52290922572814
8.861363589101238,0.3116947686070209,32.38659600446988,552.4699219664769
9.346409164959175,0.3012332853429335,33.20869270842667,471.40600695399667
8.57815519616065,0.5312899466166309,27.276180961580405,308.02976917239687
10.0849813728918,0.7192557078618538,26.329684794775755,251.57667819452598
5.482849661068746,0.934318675390182,39.136561547496626,307.42824450212726
5.435656631358938,0.4022984425201276,33.312593168508165,370.45435989541545
9.451254216724896,0.9305152108021699,9.725912780366194,430.9595150559565
5.650266557524254,0.6489054909938095,22.012146657695688,460.0716681022618
4.511490198968776,0.9003681244705226,29.47515861102064,447.93281270247775
11.56966419752635,0.5781179352160928,14.507526193664521,361.4463008543497
5.142819595433949,0.4117075504488525,34.18561082676901,374.01404559036723
10.680002555062309,0.6187582088563742,12.297313040514094,511.4602325321678
6.019654456174464,0.5373510365986647,17.263133891453954,297.87912916546986
8.851966875454647,0.7947250287474064,8.98929163880252,443.341758887191
10.712037009277964,0.9926799897448024,8.640265959553702,446.1554297921581
3.414412099933725,0.6880697693119655,34.49729051639366,277.55692969471204
10.188126569816966,0.33907959625065454,35.31525677258038,497.18129322083456
10.184217972656867,0.48978406162224253,18.6897504744377,463.2961054248017
6.853208721014939,0.45591973771845107,8.507849090410623,313.41635273494364
5.913961851829679,0.4240696557708093,8.709484506340392,551.0185219287807
6.67492071060587,0.4538340314789037,38.70824581941007,441.6607483207158
9.512013453496571,0.49263615092499785,21.655201875665934,503.26583567163937
4.0603216754434435,0.9644143134339256,39.73800613395632,438.46669799395636
7.168396533264255,0.6737875794126387,27.287580833994426,426.0959952474225
6.795619374820468,0.5444815409366381,23.312115897650695,535.2168583105139
9.807393825416092,0.596332270287711,12.188600597681898,298.3780153283697
5.82071431634222,0.5003709816335619,11.165939881210466,428.7008446184001
8.99968002103164,0.8223055843741274,12.680637896224315,465.57545322687395
4.1141729049610944,0.8911017904667529,23.682606736629964,518.6310378165354
6.171779436834308,0.38829742849840254,39.699299058377775,373.0482162272405
11.224217668855973,0.5605515835098323,34.674414370980124,391.5369349376498
6.264375243561129,0.8788511318233794,16.456859099310893,422.13216714290945
11.96478787251286,0.6970128717605919,39.01344398727633,334.8716464769459
5.626825098217516,0.37883277699525025,35.003089390878294,363.5608857474766
6.799561077360226,0.5674024893621012,14.913804639306253,373.97309723885
10.962941855640356,0.30804584271522095,12.679414052911255,527.2014328680326
6.414880308438724,0.3240724725586727,8.056813007987355,350.5143045985594
3.993787323611736,0.7162612319989611,12.812862687123527,368.9084247630322
7.982883177220568,0.8742142846868435,23.37990766027757,422.9107787258814
3.0120512078433754,0.5857970874862404,20.851415915065356,312.1958623000236
11.399569224877656,0.3090481612814279,26.88679680816919,572.7594556059672
7.534468974328378,0.7287993693077213,11.05096658027875,514.6356383780603
6.933576949498177,0.40109455030623914,15.11616393100099,410.4669401237064
5.609090755991948,0.5294155183674054,32.84527566194686,587.9108359129348
4.350768742362694,0.5396319604052529,30.71056727396546,535.8565826325287
7.079251600818552,0.5200820600250597,11.135353143439048,369.89656642936393
5.670730340761377,0.5745359128580436,14.58411263356004,538.4750974993145
5.003023056548794,0.40610591947743657,35.03655332240275,522.7529954101701
6.081008637083313,0.7307987142507787,11.860928709830084,329.7264287146042
6.1862424575651165,0.4988595838020916,33.79988696198544,393.24322052319616
8.454269628725882,0.34165298645376635,26.02679525673126,397.91302577776753
10.315129910420474,0.9761254682890002,18.087567975181884,504.7658123888948
10.282232009455544,0.7450138804627244,39.15568379290595,274.7953452329033
8.565126433809652,0.6594977559872979,26.379158628336207,304.44973130914184
7.395950540143252,0.674999730695756,11.776346116168906,278.65168767655314
8.020568851201404,0.420987485368568,25.590633235483658,480.03324212276357
8.837900033436497,0.974918904616072,11.305246993064085,455.93678654905284
9.382820106981345,0.9366059626309042,9.66852893187296,516.1869845683557
4.912049397691439,0.3779325187524352,24.628982325870147,294.7123884296012
3.0164449005179113,0.9895107344711456,13.359522579407958,382.77981285739963
9.116264251640546,0.9670495274751147,14.304990624166209,272.685877907635
8.399056298769514,0.9248164122532605,39.51944186428102,385.4006542001973
10.012891776381617,0.8368579023104337,25.30908597093911,323.6869686896604
7.353392257319303,0.7913350526376861,22.83883507231202,450.47723714815845
11.765850057919984,0.3440619995367495,9.509783397760696,471.1489978141716
8.656213555793228,0.5297743712915155,24.13884467175998,282.1730654547122
3.603736650293669,0.31476394577050426,10.225198199822195,545.1825879809976
11.449172704252334,0.5367649281976895,11.15480747063523,403.68830164116935
5.029622934925561,0.9216577591156159,27.70610246739474,448.63357482930905
3.400300531917028,0.5841548536069613,10.191474329999249,325.36231362344733
7.418010896275958,0.9759839751245141,22.481231148235764,345.1495290317424
3.087837678797026,0.5796812496934878,25.356814402615022,436.79184331912325
7.879600279805182,0.6713643570658361,24.11551028204214,341.8051581500682
4.586728717628663,0.342559725862244,22.007680453433057,436.0616709448816
8.187661861567241,0.3676783687710224,35.088268269914025,371.748930467027
4.088528387619084,0.3501189064354936,18.508467591768586,344.6153692571362
3.2115080345283284,0.9652538418008101,24.55511678385498,335.49898728973227
7.576051128637493,0.34605123223434164,33.673732589426955,479.38124900351977
3.468337376769529,0.3220747347335861,23.623415558931757,533.5729850964628
6.871556133183626,0.3198512393382689,39.50724374629736,436.6415297614213
4.598179910898064,0.8528844378782106,21.84444049145081,316.75308219758006
9.449281782081368,0.8306069103137801,11.79716092732307,503.6297296484149
8.560280561362873,0.8055764559486442,28.343468425107613,403.6849324521015
7.774125626844317,0.30736995800211325,12.495995269050958,450.90060311203547
7.964167041416988,0.641922370058794,36.8956624941477,500.6018953835203
7.761977297307957,0.8990562759571135,11.638479859860265,291.3561252529463
5.277133031703546,0.5823155005277507,33.984565268479365,326.278378694617
10.260790849693244,0.9188182765585182,34.045197570340626,338.38867674358255
9.091693505256845,0.9215873207021026,26.112804419074994,311.8211697507418
3.612922991781403,0.5416605441922878,24.047296488613306,414.18473897637057
9.922018921078166,0.9943393659711006,9.260361697979981,512.7131790248158
8.291305284511726,0.5095288239833906,30.57138946361825,338.32549185498004
3.3861688720761207,0.5010090925351398,22.890219923270894,486.25103854278143
9.786896568387888,0.5060444087519063,21.398819467097386,397.5164276908242
9.379639027811002,0.37323307200273237,27.198808604743334,386.8944253153654
3.690201632474368,0.8410650522279659,23.668953599912896,264.7613071653455
5.43209113694361,0.5565546580055929,34.30637751394562,547.7134597995582
4.3641299305484855,0.8896249002832819,30.088167954701845,435.23512733280813
9.93883685108642,0.9753374992400037,13.058260537174693,326.11098848072214
11.985326521075146,0.38193105627651047,15.766356495207884,301.8513491666601
8.69868684724376,0.4269991881666114,9.99860015821292,277.69140255799294
8.083482438286904,0.3367884888051058,38.000523973231005,426.5667637667882
5.9831690900461485,0.7816469152280499,31.261831159520998,372.19225701421794
3.922070136839761,0.8126743942591261,12.344322842250381,322.7116841323525
6.180501020554076,0.5552920903678318,9.697939800693614,336.2541041140998
7.464884134648031,0.9726870340128508,34.27243314222122,306.214383836544
4.421304744974554,0.9367351140255971,28.667766077392955,531.1617717791366
4.372512246958981,0.7602242171553244,10.925648255177919,404.2962250889463
10.511223080324067,0.8972257848699403,29.716324711033685,482.1086599607733
11.241463430869196,0.7814965602473152,31.228990473331255,334.67026569052035
5.548823152059971,0.7656837501573193,26.147607416178484,407.56233339558355
6.444636824773438,0.466209387739419,36.45781332102965,479.77042902864764
5.070413566873555,0.852871517993067,32.699966328414035,475.4291442974562
3.9881823490399837,0.9036828441561686,14.138353551686993,353.80031528597164
9.970118852571911,0.9979780685295621,17.85673500653397,470.9668938662632
4.329514367466798,0.4727330837620323,34.31874442200025,550.9238585985916
3.0724208124154537,0.5703458893360805,14.101108609228667,295.981373402909
6.111380284166736,0.8226294890177863,17.583479066773794,523.6552580599325
7.935353761949587,0.33575921839601613,34.40013924272999,392.724140457521
11.220711640671523,0.6592443659569627,21.498631472532107,429.90226212627636
3.0506074888145545,0.9347569080292901,18.974479230428585,428.8833258161113
3.9859553347922914,0.3106226346559255,28.493655533255897,416.0481853181067
6.096227951319736,0.883278721770244,15.084575854135622,416.83858563579656
11.039305933912699,0.8258533260249459,16.570457236765932,381.04013975437374
6.138919768954843,0.36599788530815364,28.26133966442543,450.3884807726687
5.017148239784864,0.3318286412176853,14.26133150613159,378.13339012230847
7.760879314720384,0.392917951656454,31.977267008100103,384.64464917791065
3.628747391091564,0.7883283388006814,18.183274955446684,406.9665219717952
8.50730268067412,0.3302397982808585,35.28790663541064,553.3954902876815
9.756531611903835,0.7646791587354571,32.81187824331033,568.620765943601
9.246203495409851,0.5516428925550215,30.781569130344938,443.14788881251906
3.277838793563387,0.4511733205584451,23.554063407025954,405.00596225166584
3.5544577377194693,0.915070842465922,25.69824743600942,412.3280452074359
5.159626210516939,0.4695129419845991,10.001647874309683,373.062162945273
6.692550759886094,0.9800659105362466,20.552450970390556,444.31305159570206
3.306739769268641,0.9566827232794453,23.27687796283304,337.23290551668117
7.708188089682171,0.6245977282735131,35.66612597104025,411.86455872177805
11.941618984061627,0.9949630749074949,9.0902382511701,270.08870084122776
11.079941401538097,0.4722399231741495,14.427766970048491,300.90765740712595
5.582988721765856,0.9953172218272395,25.13048877978121,356.01401593940557
7.380700717027048,0.6218308540240653,26.982333096343428,545.6604880705856
6.7529270954467595,0.9326439062459011,38.75892312968831,318.2354015308268
3.4412627915694,0.5410181344796939,34.13878035410785,551.6826798312416
7.157436210897536,0.7961965700454731,34.48393215759537,373.6699140240006
4.845566391181133,0.9544016801062702,35.27492054763317,280.34437938005107
11.164569689404086,0.4090372652360258,20.321745527307307,457.0792452666366
9.952810391342837,0.6568434285655502,11.22726667590495,393.9535234598283
3.7836723688011724,0.5695468122026106,38.523630040868056,492.2052618244768
9.47220837483076,0.5779824007835085,14.404189404983267,442.71771250246024
5.747024518898787,0.7481515324571224,17.77011713954088,371.88556355099456
9.43451574364295,0.6347878680210635,12.74332991516523,458.84985694573083
8.817299724062666,0.3269152672875446,37.07358715548283,352.1103406670993
5.860982591852259,0.547384239915039,21.73965038331661,403.94008247576437
3.136571283833068,0.44059078052688117,13.470057736812517,367.681079502355
7.0667537742466475,0.5036919602148849,11.580629926053216,292.7463020854839
10.02407959269736,0.31571569834882596,18.187097546715933,433.67252454883925
9.296030742360845,0.7239678158506486,19.920747472015478,321.4528548671716
